{
  "profiles": {
    "OptiFine": {
      "name": "OptiFine",
      "lastVersionId": "1.15.2-OptiFine_HD_U_G1_pre30"
    },
    "(Default)": {
      "name": "(Default)",
      "lastVersionId": "1.15.2"
    }
  },
  "selectedProfile": "OptiFine",
  "clientToken": "b0162a56-49fc-4891-874f-74773468e710",
  "authenticationDatabase": {
    "demo-1026199093d95e3e951c6f3d738bc292": {
      "userProperties": [
        {
          "name": "preferredLanguage",
          "value": "pl-pl"
        },
        {
          "name": "registrationCountry",
          "value": "PL"
        }
      ],
      "accessToken": "eyJhbGciOiJIUzI1NiJ9.eyJpc3MiOiJZZ2dkcmFzaWwtQXV0aCIsInN1YiI6IjEwMjYxOTkwOTNkOTVlM2U5NTFjNmYzZDczOGJjMjkyIiwieWdndCI6IjExMGYyYTk0MmM2OTRjZWM4NTZkYzNmMWE3OWY2OTZhIiwiZXhwIjoxNjI0MDg4ODQ0LCJpYXQiOjE2MjM5MTYwNDR9.ZzrVEunCr7VWxuHkm2IOUHMgYny7hNG0JFmSJf4oIB8",
      "userid": "1026199093d95e3e951c6f3d738bc292",
      "username": "mga987654@gmail.com"
    }
  },
  "selectedUser": "demo-1026199093d95e3e951c6f3d738bc292",
  "launcherVersion": {
    "name": "1.6.93",
    "format": 21,
    "profilesFormat": 1
  }
}